ts,open,high,low,close,volume,quote_volume,num_trades,taker_buy_base_volume,taker_buy_quote_volume,close_delta_1h,close_pct_change_1h,volume_delta_1h,volume_pct_change_1h,cvd_ratio_6h,cvd_zscore_6h,liquidity_range_ratio_6h,liquidity_close_position_ratio,volatility_realized_24h,volatility_ewm_24h,volatility_realized_72h,volatility_ewm_72h,volatility_garch_like,intrabar_path_range,intrabar_quote_volume_sum,intrabar_realized_vol_15m,intrabar_taker_imbalance_mean,intrabar_taker_imbalance_persistence,intrabar_vol_term_structure_6h_24h,intrabar_volume_regime_transition,intrabar_volume_regime_zscore_24h,intrabar_volume_sum,intrabar_wick_asymmetry_mean,intrabar_wick_asymmetry_persistence,ret_1h
2026-02-08T06:00:00Z,69318.39,69439.23,69170.81,69246.41,0.35298,24448.7994459,59.0,0.30003,20784.5123633,-82.50999999999476,-0.001190123832882417,0.28628000000000003,4.292053973013494,0.8586024366562806,0.13576006915911668,0.7021891636182827,-0.4367036733476374,0.02877506272436731,0.005548610480911568,0.0553237872993002,0.008970797719838082,0.0045805459687991955,0.003876302035007999,24448.7994459,0.0,0.6999830018697943,0.0,0.0,0.33525209955173185,-0.5749969006304726,0.35298,0.16854183741893666,0.0,0.0005861675717195869
2026-02-08T07:00:00Z,69254.12,69441.45,69107.82,69287.0,0.19018,13190.4526253,47.0,0.09629,6674.2682075,40.58999999999651,0.0005861675717195869,-0.16280000000000003,-0.46121593291404617,0.6790582571536758,-0.7823181130145218,0.9499580017368511,0.07412402961359023,0.022059751689273287,0.0053246204839008104,0.05528399279077208,0.00884758833722348,0.00446098988918742,0.004815188996492706,13190.4526253,0.0,0.012619623514565219,0.0,0.0,0.13065160853920443,-0.705648509169677,0.19018,0.02442825884965073,0.0,0.005960714131078015
2026-02-08T08:00:00Z,69385.59,69700.0,69266.13,69700.0,0.06395,4444.1086116,33.0,0.06203,4310.6615358,413.0,0.005960714131078015,-0.12622999999999998,-0.6637396151014827,0.6958043326782907,-0.8112205524029198,1.1948720773319312,1.0,0.02070850035398478,0.005376710421671514,0.05535187668579133,0.008780821360192396,0.004547126748316162,0.006224820659971239,4444.1086116,0.0,0.9399530883502735,0.0,0.0,0.14543526073897228,-0.8510837699086493,0.06395,-0.2753359301173004,0.0,0.013284361549497747
2026-02-08T10:00:00Z,70670.31,70670.31,70153.66,70197.3,0.05265,3708.4577799,28.0,0.03837,2704.8035188,-428.61999999999534,-0.006068876695694669,-0.64374,-0.9243958126911644,0.4071616825385672,-0.9292150035462551,1.0241001668346017,-0.8310655182425243,0.024333171832281276,0.006344376337286095,0.05568790011753098,0.008865204462264286,0.005323323243787621,0.0073599696854436585,3708.4577799,0.0,0.45754985754985755,0.0,0.0,1.1073189717069918,-0.9643520384652506,0.05265,-0.08446724087873785,0.0,0.0028488275190070578
2026-02-08T11:00:00Z,70249.03,70431.66,69902.64,70397.28,0.49487,34741.5723699,54.0,0.35651,25046.3556331,199.97999999999593,0.0028488275190070578,0.44221999999999995,8.399240265906931,0.3964516860973951,-0.7660760367746862,0.9853935060863148,0.8700238176250534,0.02446473632561644,0.0061382768633760736,0.055296485884009844,0.008755590681260073,0.005187353006735161,0.007514778980097016,34741.5723699,0.0,0.44082284236264074,0.0,0.0,0.760166514312658,-0.20418552415259264,0.49487,-0.5897886658349256,0.0,0.008250602864201761
2026-02-08T14:00:00Z,71271.63,71509.0,70983.0,71509.0,2.14834,152892.0705565,93.0,1.62605,115645.4561385,263.4499999999971,0.0036977748083915074,1.9857,12.209173635022134,0.1886960310463973,-0.4965681684967723,0.7636894232886597,1.0,0.022773024763377198,0.006003519934152409,0.05503174748646812,0.008545787225751954,0.005135993818765704,0.007355717462137633,152892.0705565,0.0,0.5137734250630719,0.0,0.0,3.0138992140680503,2.1916408946079753,2.14834,-0.5487262357414537,0.0,-0.0036152092743571007
2026-02-08T15:00:00Z,71537.25,71570.17,71129.78,71250.48,0.32207,22980.2755219,55.0,0.19197,13697.5483388,-258.5200000000041,-0.0036152092743571007,-1.82627,-0.8500842510961952,0.17783971422494035,-0.5442121727115997,0.7696031316079212,-0.45184949703676297,0.022296765237021732,0.005848781332432416,0.055068615533329805,0.008449202216474641,0.0050394887148921845,0.006180870641152164,22980.2755219,0.0,0.19210109603502337,0.0,0.0,2.7246990475929103,-0.5330581529849348,0.32207,-0.19932332705102057,0.0,-0.0015337440533733648
2026-02-08T17:00:00Z,71134.97,71227.57,70277.25,70440.01,0.15595,11038.2093671,66.0,0.10067,7139.5403522,-701.1900000000023,-0.009856313922171678,-0.04275999999999999,-0.21518796235720394,0.13723362114957047,-0.5945402024275731,1.4030349484127753,-0.6574627493896928,0.02338237572119867,0.006080814951014468,0.05225945455170567,0.0083834174025625,0.0052424039470067765,0.013491196267575872,11038.2093671,0.0,0.29105482526450777,0.0,0.0,0.08494418407719151,-0.7549932079411981,0.15595,-0.07382776327972518,0.0,0.004994604628818289
2026-02-08T19:00:00Z,70817.0,71414.47,70811.33,71172.44,0.26901,19132.144109,83.0,0.14299,10175.2845998,380.6100000000006,0.005376467877719726,-0.18022999999999995,-0.40118867420532445,0.44974204982897403,0.5865937856721335,0.993736355772788,0.19743343170742517,0.023914811766124467,0.005951788995838587,0.04937951302379891,0.008242119499300787,0.005168718136817393,0.00847434765479446,19132.144109,0.0,0.06308315675997168,0.0,0.0,0.35814835227886127,-0.5196281680184861,0.26901,0.39188248167921347,0.0,0.003577929884095443
2026-02-08T21:00:00Z,71310.08,71310.08,70754.72,70857.74,1.07446,76278.1273901,74.0,0.71303,50686.0989365,-569.3499999999913,-0.007971065319894666,0.15705999999999998,0.17120122084150857,0.22452908374853592,-0.35451847797826735,0.8937478207225781,-0.6289974070872543,0.025189827238422915,0.006003780483234187,0.04658083835123406,0.008145909316684677,0.005226480148365701,0.007837675884102436,76278.1273901,0.0,0.3272341455242635,0.0,0.0,0.3136074837220254,1.0800979493338068,1.07446,-0.18550129645635977,0.0,-0.0029545113914162258
2026-02-08T23:00:00Z,70700.27,71083.33,70700.27,71083.33,1.16125,82344.7369998,64.0,0.10113,7173.8153759,434.9400000000023,0.006156403564185897,0.6962999999999999,1.497580384987633,-0.03679856836803635,-1.654976513905334,0.7685691737670658,1.0,0.026042449544419394,0.005845230521026518,0.04606237485971884,0.008002189449189373,0.005128691409792779,0.005388886536407307,82344.7369998,0.0,-0.8258256189451022,0.0,0.0,1.3275887685055112,1.1718240022961863,1.16125,0.0,0.0,-0.010799297106649508
2026-02-09T01:00:00Z,70394.02,70773.31,70153.66,70543.82,0.51875,36544.0371799,78.0,0.44812,31566.3572824,228.14000000001397,0.003244511039358633,-1.6992399999999999,-0.7661170699597383,0.12324856801158184,-0.15940317384683356,0.7646900330524408,0.25929153554428197,0.028282898376756117,0.006199624634858137,0.0442131619155678,0.008000210183469008,0.005388489078810451,0.00878390197752254,36544.0371799,0.0,0.7276915662650602,0.0,0.0,2.7680187867042036,-0.12474146215020869,0.51875,-0.017542160897296856,0.0,-0.0014761037891058981
2026-02-09T06:00:00Z,70999.14,71089.51,70840.88,71089.51,0.59273,42066.1386068,60.0,0.42429,30114.5589949,81.19999999999709,0.001143528130721494,0.32957,1.2523559811521507,0.5855192129620271,1.1766051905788952,0.42167360137486515,0.9999999999999415,0.02921789345320446,0.005572179483159345,0.037412297950503305,0.007608846128254066,0.004965816175536568,0.0034974217715101727,42066.1386068,0.0,0.4316467869012873,0.0,0.0,0.5478309221505905,-0.04787818199317649,0.59273,-0.6365281743956926,0.0,-0.006303602317697776
2026-02-09T07:00:00Z,70940.0,70940.0,70350.87,70641.39,0.3118,22012.6144172,46.0,0.10228,7216.6498249,-448.11999999999534,-0.006303602317697776,-0.28092999999999996,-0.47395947564658436,0.4250878152966306,0.26013304540033666,0.9666452450946955,-0.013732113455428248,0.029888613897891277,0.005635976949819477,0.03609367226326158,0.0075765381960913505,0.005019239380762511,0.008339728309423197,22012.6144172,0.0,-0.34393842206542663,0.0,0.0,0.49555832119889864,-0.5434365031920751,0.3118,-0.4931339432722859,0.0,-0.0022651026544069364
2026-02-09T08:00:00Z,70630.87,70876.43,70370.56,70481.38,0.24056,17000.5457763,46.0,0.1591,11249.1522432,-160.00999999999476,-0.0022651026544069364,-0.07124000000000003,-0.22847979474021818,0.3479437718526272,-0.16785300440951964,0.9186139770529553,-0.5618637199280131,0.029379450257495974,0.005443756436961765,0.03601461408397813,0.0074814508291209305,0.004891891694732591,0.007177356629509741,17000.5457763,0.0,0.3227469238443631,0.0,0.0,0.14338590541205465,-0.6868224086041298,0.24056,0.2663530155968765,0.0,-0.00796564993477722
2026-02-09T09:00:00Z,70434.29,70581.71,69441.45,69919.95,0.17713,12372.7073035,75.0,0.09295,6481.0413547,-561.4300000000076,-0.00796564993477722,-0.06342999999999999,-0.2636764216827402,0.2671359228303774,-0.5481819993447143,1.8135780575282245,-0.16071773104380388,0.027440020148445578,0.005690393990797304,0.03626492664799864,0.007496063826495934,0.005073024777280769,0.016308078023511308,12372.7073035,0.0,0.04951165810421724,0.0,0.0,0.0639833493073213,-0.7508057579114511,0.17713,-0.29035483135423895,0.0,-0.006071514639241049
2026-02-09T14:00:00Z,69109.39,69282.29,68615.6,68615.6,0.09298,6418.8155365,38.0,0.03079,2129.4637988,-447.56999999999243,-0.006480588713202562,-1.9765,-0.9550708390513559,0.2640650066092326,0.4888855122013371,0.8961670038376843,-1.0,0.028522741825617738,0.005875621949641471,0.03541780027533959,0.0073518870952107036,0.005208494879350844,0.009716303581109656,6418.8155365,0.0,-0.3377070337707033,0.0,0.0,3.153229595193431,-0.9192422994858612,0.09298,0.25934092306768863,0.0,0.009615889098105734
2026-02-09T15:00:00Z,68644.0,69662.56,68327.96,69275.4,0.76887,52990.1481713,96.0,0.49065,33830.5925665,659.7999999999884,0.009615889098105734,0.6758900000000001,7.269197676919768,0.2741513693631202,0.7894997009686255,1.7191253663092085,0.41981117937956947,0.029866596935439152,0.006252024882754141,0.03530189943341763,0.007421493431187338,0.005476748563867495,0.01926513596457027,52990.1481713,0.0,0.27628857934371204,0.0,0.0,1.1962226308767672,0.27698033139090594,0.76887,0.05328937509366879,0.0,0.0042445081515227745
2026-02-09T16:00:00Z,69359.16,69940.25,68893.93,69569.44,0.49347,34232.2127012,96.0,0.42101,29204.6111215,294.04000000000815,0.0042445081515227745,-0.27540000000000003,-0.35818799016738856,0.42085668050066616,1.6458019800838615,1.2387225092047178,0.29121110176619924,0.03012635567201156,0.006115223962903124,0.03514249721537074,0.007352622728414,0.005375154064680457,0.015039937075819597,34232.2127012,0.0,0.7063245992664193,0.0,0.0,0.5279908637517812,-0.2510105323608752,0.49347,-0.09024007951679426,0.0,0.006979213861718403
2026-02-09T17:00:00Z,69569.44,70416.89,69171.45,70054.98,0.44546,31075.1561358,93.0,0.37097,25885.5265349,485.5399999999936,0.006979213861718403,-0.04801,-0.09729061543761519,0.5868237487942353,2.039386389586033,1.4813029274636123,0.4188238694758434,0.02928917506321014,0.006186599848990055,0.03359413683277208,0.0073420151368056765,0.005424171345687835,0.017778036622093138,31075.1561358,0.0,0.6655591972343196,0.0,0.0,0.11600899153202077,-0.367019523892896,0.44546,-0.0289696813977403,0.0,0.008071232052311084
2026-02-09T21:00:00Z,70843.91,71081.77,70526.87,70815.53,1.48033,104744.5015855,48.0,1.27303,90070.9505343,-79.24000000000524,-0.0011177129145070186,1.22501,4.797939840200533,0.7216522522076015,2.306475259245549,0.599144850024842,0.04040367633804893,0.02942529256095939,0.0060660867786180486,0.031138201875682708,0.007198664967527092,0.00532534002340602,0.007835851825157685,104744.5015855,0.0,0.7199273135044215,0.0,0.0,2.0896595562509135,1.3505333867756495,1.48033,-0.09154802667147614,0.0,-0.006482900007950154
2026-02-10T03:00:00Z,70459.99,70464.38,70054.04,70121.54,0.25094,17663.8363785,67.0,0.20496,14431.2662738,-248.6200000000099,-0.0035330316145367746,0.11254,0.813150289017341,0.44884799342156645,-0.712871724114202,0.7340652001502835,-0.67100453282641,0.028746306614589406,0.005678308614585753,0.029359050920318222,0.006907269228323073,0.005068005171577497,0.005851839534613916,17663.8363785,0.0,0.6335378975053798,0.0,0.0,0.2363160945967756,-0.6167035292906994,0.25094,-0.1537992883949868,0.0,-0.008645417656257925
2026-02-10T04:00:00Z,70130.28,70130.28,69247.61,69515.31,1.33951,93143.0332242,94.0,1.10007,76479.6424076,-606.2299999999959,-0.008645417656257925,1.08857,4.337969235673866,0.705547924710599,0.29560546867433696,1.6150243045602126,-0.39343129368848984,0.029030356384717185,0.0059745544765631665,0.029433131786595804,0.006961956632237895,0.005280713825581295,0.012697490667883065,93143.0332242,0.0,0.642496136646983,0.0,0.0,2.038891400919717,1.4221878716290177,1.33951,-0.30328435315576335,0.0,0.0049450977058149714
2026-02-10T05:00:00Z,69549.39,69859.07,69549.39,69859.07,0.30617,21362.4420988,90.0,0.20804,14514.7613093,343.7600000000093,0.0049450977058149714,-1.03334,-0.7714313442975417,0.6431071562456843,0.0025547668326910277,0.5782826553795479,0.999999999999953,0.0292779931069601,0.005897996767576943,0.029517785325699854,0.00691430408338689,0.005226282152703524,0.004432924744059827,21362.4420988,0.0,0.3589835712186041,0.0,0.0,1.9905920447999579,-0.5684041731709403,0.30617,0.0,0.0,-0.006205207140604685
2026-02-10T13:00:00Z,68663.23,68835.84,68472.9,68624.89,0.26573,18252.1722432,51.0,0.21334,14651.8519924,66.08999999999651,0.0009639900348312747,-0.23099999999999998,-0.46504137056348516,-0.28318688447248924,-1.5303648553820457,0.8910147299509006,-0.16245109384468914,0.02723024012755596,0.005129216324181925,0.026058313500595075,0.006478932099513767,0.004719929436181024,0.00528875164681506,18252.1722432,0.0,0.6056899860760921,0.0,0.0,0.38440690381877535,-0.48368286288737306,0.26573,0.056813798423968734,0.0,0.005384780944639678
2026-02-10T15:00:00Z,69052.41,69627.2,67932.62,68506.06,0.51193,35172.0130316,157.0,0.38142,26248.5505903,-488.3600000000006,-0.00707825357470937,0.20655,0.6763704237343637,0.023099840244095567,-1.0320138083894996,2.4786036420370046,-0.323206930330826,0.026209336331775246,0.005331713559047068,0.02630645461663327,0.0064698465399862645,0.004875009525915167,0.02473620581887211,35172.0130316,0.0,0.4901256031098001,0.0,0.0,0.5108951389871075,0.09295825458958151,0.51193,0.0007966575788639471,0.0,0.011773265022101853
2026-02-10T18:00:00Z,69497.67,69991.5,69324.01,69882.38,1.0079,70219.1913947,165.0,0.22949,15998.7564383,338.75,0.004871042825920879,0.75311,2.9558067428078023,0.1251420361532566,-0.6419810759342663,0.7461393000531004,0.6730437909182108,0.026975460877499115,0.00584089523770949,0.027052592328127168,0.006557764138856761,0.005221341277421836,0.009551620880685592,70219.1913947,0.0,-0.5446175215795218,0.0,0.0,1.6810422011665522,1.2121394463261976,1.0079,-0.0966905871249122,0.0,-0.01345503687767935
2026-02-10T22:00:00Z,68743.78,69000.0,68390.01,68638.12,0.29346,20161.0155002,73.0,0.17789,12221.7681608,-121.02999999999884,-0.0017602020967391052,0.03671000000000002,0.14297955209347624,0.09070471789427674,-0.4758673882525651,0.8441833430208444,-0.18651125428288604,0.028617078505756476,0.006134234390504554,0.02804138659900753,0.006613771251699272,0.005393502108626284,0.008887044109017049,20161.0155002,0.0,0.21236284331765823,0.0,0.0,0.15138663999180774,-0.25261744338269776,0.29346,0.013295299922950397,0.0,0.0015007695432218693
2026-02-11T01:00:00Z,68853.63,69261.27,68789.45,69236.11,0.27648,19093.6352227,98.0,0.21835,15077.9628321,398.25,0.005785333826472838,0.042649999999999993,0.18239746824616176,0.5821122023409125,0.7611368236208741,1.0842947097485922,0.8933491585774104,0.028675575798146197,0.005679888066492495,0.02822350812053545,0.006423941555615659,0.005075475025461507,0.006814652065230224,19093.6352227,0.0,0.5794994212962962,0.0,0.0,0.17527208589119253,-0.2957939524585136,0.27648,-0.0827010300538415,0.0,-0.002370439355994902
2026-02-11T02:00:00Z,69219.13,69292.1,68939.29,69071.99,0.24367,16818.6146048,52.0,0.19618,13538.8000867,-164.11999999999534,-0.002370439355994902,-0.032810000000000006,-0.11867042824074081,0.6343626532341816,0.8154774809683868,0.8785911728328631,-0.24775374847651843,0.027696840353978718,0.005489155187118233,0.02821425321386541,0.006347498099740109,0.004946313639551055,0.0051078592060256585,16818.6146048,0.0,0.6102105306356957,0.0,0.0,0.13411027870284653,-0.4299042311613601,0.24367,-0.16929792239451377,0.0,-0.005555797654012817
2026-02-11T03:00:00Z,69033.85,69221.58,68615.6,68688.24,0.18989,13087.8729162,79.0,0.06537,4511.6765197,-383.75,-0.005555797654012817,-0.053779999999999994,-0.22070833504329623,0.5289554168635158,0.5192734195801308,1.4096874624400286,-0.7602561140631467,0.028029050377618093,0.005495771023179747,0.028386164602514283,0.006327500850625791,0.004956952646181749,0.008822179750128929,13087.8729162,0.0,-0.31149612933803783,0.0,0.0,0.17814682297716855,-0.6080510541385287,0.18989,0.1899237598600569,0.0,-0.007649198756584874
2026-02-11T04:00:00Z,68688.24,68736.27,68035.18,68162.83,0.68181,46568.8147482,89.0,0.32086,21888.8221272,-525.4100000000035,-0.007649198756584874,0.49192,2.5905524250882093,0.37481159521890023,0.49214705940447284,1.5753002460388585,-0.6358527435849907,0.027734347453721064,0.005701236345376201,0.028689065466585104,0.0063683376408619876,0.005105123847071272,0.010285517781465515,46568.8147482,0.0,-0.05879937225913388,0.0,0.0,2.246439389907251,1.6383883357687221,0.68181,-0.11356601862814851,0.0,-0.009531734524520274
2026-02-11T08:00:00Z,66815.36,67234.06,66670.82,67044.71,0.4175,27991.9019071,60.0,0.37869,25394.5595584,244.72000000000116,0.003663473602316447,-1.11653,-0.7278410461333873,-0.046482614391653874,-0.7962036408511853,0.8334069055997778,0.32764008238053266,0.029011577807083952,0.006050277752248793,0.029511661796929482,0.0064294469087922855,0.005342790190606303,0.00840096108999488,27991.9019071,0.0,0.8140838323353295,0.0,0.0,3.5150503133494553,-0.02710086979208591,0.4175,0.07955755983239544,0.0,-0.00047759174437478347
2026-02-11T11:00:00Z,66804.03,66873.68,66396.66,66418.69,0.35136,23397.7703142,64.0,0.08892,5920.6252653,-465.3999999999942,-0.006958306527008018,0.2405,2.169402850441999,-0.04903274876405043,-0.8081508917342045,1.0237176346031829,-0.9076349000041956,0.029612754139980216,0.0057177035053298676,0.028555108842058693,0.006282709808761237,0.005112019129770065,0.007182014580534327,23397.7703142,0.0,-0.49385245901639346,0.0,0.0,0.7879535000926579,-0.23853696758347193,0.35136,0.09982809945074922,0.0,0.009571402266440376
2026-02-11T14:00:00Z,67108.31,67617.72,66858.82,67489.98,0.44452,29891.1034223,99.0,0.19959,13423.0691954,361.86999999999534,0.005390737203833096,-0.22180999999999995,-0.332883105968514,0.19305778127173237,0.05134714220014948,1.621026999316457,0.6633548557121987,0.03049838528330673,0.00583116421463288,0.028703965762375355,0.006284265533181019,0.0051899276640060945,0.011244632166137762,29891.1034223,0.0,-0.10199766039773249,0.0,0.0,0.7286969372179953,0.009934915139219203,0.44452,-0.1604295691131722,0.0,-0.012020895546272059
2026-02-11T16:00:00Z,66676.85,66901.48,65760.38,66626.03,3.50437,231894.3780988,263.0,1.00004,66203.8205975,-52.66000000000349,-0.0007897575672227708,1.6686200000000002,0.9089581914748741,-0.02039445324614981,-1.151973456720269,1.1870445596825077,0.5172202260976393,0.029825829622113564,0.006292395827857732,0.02945710076886505,0.00642433557807626,0.005507310407201726,0.01712693972610992,231894.3780988,0.0,-0.42926117961288335,0.0,0.0,0.7378500589890846,3.9429976144963135,3.50437,-0.5617562001577504,0.0,-0.007712000850118028
2026-02-11T17:00:00Z,66510.11,67228.94,65985.33,66112.21,0.93655,62368.7011651,135.0,0.60438,40216.7595014,-513.8199999999924,-0.007712000850118028,-2.56782,-0.7327479689644644,0.038809769904544086,-0.1929884588176409,1.1437334743521983,-0.795948890729413,0.030634032832532535,0.006420409419033754,0.02924030372931326,0.00646401207937631,0.005594127796212045,0.018810594896162155,62368.7011651,0.0,0.29065186055202613,0.0,0.0,3.563102800813999,0.3798948136823146,0.93655,0.47599327763526894,0.0,0.007654410584670979
2026-02-11T18:00:00Z,65950.0,66902.43,65892.43,66618.26,1.28887,85566.463984,182.0,0.69563,46295.2648223,506.04999999998836,0.007654410584670979,0.35231999999999997,0.37618920506112863,0.01093888126282935,-0.5984630103133995,0.8826421002803791,0.43728712871287473,0.031192573243569804,0.006524990183545172,0.029429626192627286,0.0064985924845144954,0.005663220986577124,0.015161008408205199,85566.463984,0.0,0.07944168147291812,0.0,0.0,0.4599407590497462,0.8398355727320608,1.28887,0.2243564356435557,0.0,0.009714453664806166
2026-02-11T19:00:00Z,66528.57,67294.6,66196.49,67265.42,0.6019,40146.5838137,125.0,0.39809,26510.1374465,647.1600000000035,0.009714453664806166,-0.68697,-0.5330017767501765,0.0065327753496300465,-0.6428291046597481,0.8711886011075229,0.9468541402955718,0.029714209776942127,0.0068298179043556366,0.029793840986040175,0.006605699998618969,0.005876900706397449,0.016325030007989256,40146.5838137,0.0,0.32277787007808606,0.0,0.0,0.9520593890416649,-0.11222381630960407,0.6019,-0.2758375754705758,0.0,0.004083821969742996
2026-02-12T02:00:00Z,67476.76,68051.53,67476.76,67688.71,0.88674,60084.2212612,171.0,0.55321,37467.1817265,227.65000000000873,0.003374539326835402,-0.08184000000000002,-0.08449482747940285,0.1484168305010725,0.7438774720403929,0.9252873563218452,-0.26248760373708646,0.031129777651073273,0.005990787763205856,0.029224933282486106,0.006310231373944838,0.005251661492395007,0.008491371751655543,60084.2212612,0.0,0.24773890881205313,0.0,0.0,0.136271401053074,-0.01701502219946397,0.88674,0.6312438018685559,0.0,-0.0024664379037510065
2026-02-12T08:00:00Z,67147.59,67291.68,66952.0,67142.89,0.03123,2094.4055413,25.0,0.01458,977.8628348,29.279999999998836,0.00043627514598010286,-0.04537,-0.5922976501305484,0.42327249022164304,0.3011963038281722,0.8309502550240203,0.12394017899201215,0.02763289333917402,0.005158821164738842,0.028943849334591102,0.005973234900497656,0.004709163394014786,0.0050590613540762545,2094.4055413,0.0,-0.06628242074927962,0.0,0.0,0.022643014715806098,-0.9523117095117937,0.03123,-0.13777673104099114,0.0,-0.0001940637348198937
2026-02-12T09:00:00Z,67227.39,67332.43,66889.23,67129.86,0.15385,10332.1190425,52.0,0.06138,4117.969505,-13.029999999998836,-0.0001940637348198937,0.12261999999999998,3.926352865834133,0.18123130456016145,-0.4486486101170335,1.0498555027399146,0.08587545126359888,0.027629445515237244,0.004948471924586541,0.028573391943609465,0.005890929100406595,0.004578261819351174,0.006602129067452205,10332.1190425,0.0,-0.20207994800129994,0.0,0.0,0.1437849715564271,-0.8085267379553666,0.15385,-0.30593411552349264,0.0,0.006966050577194682
2026-02-12T13:00:00Z,68069.73,68127.09,67729.0,67732.5,0.12956,8796.8203189,98.0,0.0974,6612.6275226,-438.0899999999965,-0.006426378295977697,-0.07227999999999998,-0.35810543004359885,0.12431478460839157,-0.6711142917103373,0.8422600471812822,-0.9824160365746438,0.027415191678013526,0.005177145905312421,0.02842045361211846,0.005875483085390227,0.00477342121894932,0.0058773853024766025,8796.8203189,0.0,0.50355047854276,0.0,0.0,0.05119648516681008,-0.7717966436696096,0.12956,0.13529603858424238,0.0,0.009044107333997742
2026-02-12T14:00:00Z,67864.4,68405.77,67698.13,68345.08,0.51745,35229.4149434,195.0,0.41992,28600.9680289,612.5800000000017,0.009044107333997742,0.38788999999999996,2.9939024390243896,0.3382381538860444,-0.22220177150637913,1.3252388547457246,0.8284721044598676,0.02835049843765905,0.0055806440245994016,0.028647029583511303,0.005983008801318805,0.00505570020958137,0.010353927451690734,35229.4149434,0.0,0.6230360421296746,0.0,0.0,0.4639642446548146,-0.30783239901479503,0.51745,-0.14920015827255,0.0,-0.010085144387862344
2026-02-12T15:00:00Z,68345.56,68345.56,67521.12,67655.81,0.68809,46731.1502788,276.0,0.45452,30878.6373128,-689.2700000000041,-0.010085144387862344,0.17064000000000001,0.3297709923664123,0.37857950689889197,0.17844782158781655,1.379788958095659,-0.6732569986900152,0.02757241205370165,0.0060722103274147895,0.028711893151067043,0.0061343798016532365,0.005398274503637805,0.012185797494701524,46731.1502788,0.0,0.321106250635818,0.0,0.0,0.2622662118178962,-0.045566187196898804,0.68809,-0.16337150065499242,0.0,-0.008235360717726903
2026-02-12T16:00:00Z,67549.36,67987.76,67053.72,67098.64,2.07567,140164.6077573,226.0,0.35359,23848.5108375,-557.1699999999983,-0.008235360717726903,1.3875800000000003,2.016567600168583,-0.19571610247441198,-1.7184471210714147,1.432803767468253,-0.9038156824118756,0.028774948177680223,0.006276361596468591,0.029003233691394074,0.006202674628979984,0.005535921618057003,0.013920401367300345,140164.6077573,0.0,-0.6593003704827838,0.0,0.0,2.314733820530892,2.269167633333993,2.07567,0.42126675517108325,0.0,-0.019480275606182262
2026-02-12T21:00:00Z,65755.39,66031.54,65204.54,65378.04,1.93066,126666.3630209,171.0,1.46362,95976.7538503,-403.5400000000009,-0.006134544047132984,0.17347,0.09872011563917393,0.0059317822412234345,-0.18263710756775794,0.8635226922695332,-0.5804111245465413,0.03283115939177299,0.007393244420132424,0.030632069705170583,0.00673599927115203,0.00623298129396156,0.012649507388107578,126666.3630209,0.0,0.5161861746760175,0.0,0.0,0.09384868532401769,1.1114769954122443,1.93066,0.1241233373639602,0.0,0.006712192656739058
2026-02-13T08:00:00Z,66350.62,66557.39,66051.31,66176.76,0.40207,26671.3776592,94.0,0.30713,20372.2022282,-122.47000000000116,-0.0018472311066056735,0.17987999999999998,0.8095773887213644,0.264341046529062,-0.10932368255072145,1.4029459054870674,-0.5042285804616291,0.03274843726844767,0.005587251592521005,0.029875902132410474,0.006175154475549848,0.004911089598013684,0.00764739766649201,26671.3776592,0.0,0.5277439251871566,0.0,0.0,0.1831359571576749,-0.41505734908305975,0.40207,0.16068605754032309,0.0,0.006856485569858739
2026-02-13T13:00:00Z,67167.6,67188.75,66971.49,67077.98,4.1929,281430.4292118,143.0,0.99337,66654.7626948,-87.23000000001048,-0.0012987378435950214,4.03001,24.740683897108475,-0.3553327221330887,-1.5756217622496775,0.5602420512467742,-0.019699898738833373,0.031872717549406196,0.005018374528210872,0.029986389674515106,0.00592328643465668,0.004584544911847008,0.0032389168546815925,281430.4292118,0.0,-0.5261656609983543,0.0,0.0,3.6790610507531065,2.984253370595581,4.1929,-0.39280125195617493,0.0,0.003766660832660751
2026-02-13T14:00:00Z,67147.19,67626.23,66966.25,67330.64,0.57728,38862.3930387,114.0,0.384,25847.4922161,252.6600000000035,0.003766660832660751,-3.61562,-0.8623196355744234,-0.34779450766151454,-1.4574601166931005,1.5962881145492311,0.104245583199518,0.030804908887043982,0.004929514627196858,0.029904540781692943,0.005874634153512263,0.004541252108241503,0.009802075251326824,38862.3930387,0.0,0.3303769401330377,0.0,0.0,3.312792624745803,-0.328539254150222,0.57728,0.17371738537530665,0.0,0.005847857676683388
2026-02-13T15:00:00Z,67252.53,68000.0,66877.68,67724.38,1.97924,134278.5275822,207.0,1.71997,116745.6820115,393.74000000000524,0.005847857676683388,1.40196,2.4285615299334813,-0.07302289046913986,-0.6130192546634832,2.2134306281432035,0.5088388338441913,0.029668088346914784,0.0050075929569083685,0.029812662746798824,0.005873438265228951,0.0046109217992708436,0.01657187559339793,134278.5275822,0.0,0.7380105495038498,0.0,0.0,1.2204758663120385,0.8919366121618166,1.97924,-0.08841506878609474,0.0,0.01347195795664713
2026-02-14T05:00:00Z,68958.76,68968.97,68788.06,68791.34,0.04997,3441.5176179,33.0,0.03487,2401.6115901,-202.6200000000099,-0.0029367788136818174,-0.01972,-0.28296742717750034,0.6020477579586995,0.4876455031937288,0.9260418888367639,-0.9637388756840554,0.019367611878591998,0.003936785182461434,0.02770613290287305,0.005308626871881662,0.004053474215515718,0.0026298368370205245,3441.5176179,0.0,0.39563738242945756,0.0,0.0,0.013381272563316893,-0.7330682296223615,0.04997,0.038306340169185965,0.0,-1.235620646422575e-05
2026-02-14T06:00:00Z,68796.26,68912.1,68789.51,68790.49,0.12754,8781.9440014,41.0,0.08396,5781.6681215,-0.8499999999912689,-1.235620646422575e-05,0.07756999999999999,1.5523313988393035,0.5651262922797087,0.4814201562626234,0.6590328736930348,-0.9840117464716915,0.01925391179642116,0.0037760333130466488,0.027696354119002106,0.005235401324597761,0.003973360734712105,0.00178207772615097,8781.9440014,0.0,0.31660655480633554,0.0,0.0,0.0902380987954361,-0.6428301308269254,0.12754,0.9369442858307384,0.0,0.0018280143083730938
2026-02-14T07:00:00Z,68762.63,68944.42,68755.06,68916.24,0.05069,3488.3277954,31.0,0.01841,1267.8463398,125.75,0.0018280143083730938,-0.07684999999999999,-0.6025560608436569,0.4025385871407016,0.20954745998833788,1.1656150934104739,0.7023658639629736,0.01926907731648764,0.003658496468833838,0.027186318480302524,0.005172027496569612,0.003921174935388421,0.0027476832746534136,3488.3277954,0.0,-0.2736239889524561,0.0,0.0,0.06877708296557072,-0.7116072137924961,0.05069,0.1088403041824354,0.0,0.004522591482065685
2026-02-14T08:00:00Z,68945.91,69327.41,68890.62,69227.92,0.29921,20686.8166425,81.0,0.14909,10302.7066923,311.679999999993,0.004522591482065685,0.24851999999999996,4.90274215821661,0.3113754793039041,0.1765897311067872,2.098153025851236,0.5444492776849132,0.01970381879849144,0.00373400128600655,0.027229135211285508,0.005155080059706742,0.003981976538327807,0.00630944855774965,20686.8166425,0.0,-0.0034423983155642372,0.0,0.0,0.26101668605675415,-0.450590527735742,0.29921,0.10119279287528621,0.0,0.007749185588704854
2026-02-14T09:00:00Z,69197.53,69858.1,69197.53,69764.38,0.22964,15986.4741885,66.0,0.1723,12007.9623542,536.4600000000064,0.007749185588704854,-0.06956999999999997,-0.23251228234350452,0.26852456636911315,0.19593050776487125,2.2496551802427978,0.7162450610836091,0.020028410383315362,0.004194564353594161,0.027590076913124317,0.005242071670343641,0.004271991869976915,0.009468585544657702,15986.4741885,0.0,0.5006096498867794,0.0,0.0,0.07327136117514038,-0.5238618889108824,0.22964,0.14187746945819546,0.0,-0.0003722530036102123
2026-02-14T12:00:00Z,69726.12,70543.95,69709.03,70479.93,1.48069,104006.0934293,209.0,0.28716,20182.4122913,815.8899999999994,0.011711781286299239,1.45902,67.3290263036456,-0.3467950353787261,-0.9578194875926089,1.9249097972310656,0.8466439898433457,0.022590273884172306,0.004963850908524056,0.02755177629114766,0.005387987239626069,0.00478015206900754,0.011846209268369,104006.0934293,0.0,-0.6121267787315373,0.0,0.0,1.4339018152507745,0.7078668672899333,1.48069,0.05620897810569595,0.0,-0.011896010679919744
2026-02-15T03:00:00Z,69721.73,69767.23,69373.9,69561.88,0.17301,12025.7950378,46.0,0.11239,7817.437493,-140.90999999998894,-0.002021583354123835,-0.39603999999999995,-0.6959669624813285,-0.11847909835331188,-0.6339599190157184,1.0793414132174686,-0.04416139119821846,0.02091106251030804,0.0036226034925872256,0.025406495441557483,0.00481158966512436,0.003951679249857649,0.005654390019361203,12025.7950378,0.0,0.29923125830876834,0.0,0.0,0.3197057883955838,-0.3161019095263897,0.17301,-0.3622403579691604,0.0,0.005125508396265133
2026-02-15T05:00:00Z,69999.56,70501.9,69856.08,70133.62,0.68873,48311.4082975,114.0,0.25204,17706.1979593,215.1999999999971,0.003077872755133715,0.22406999999999994,0.4822235613136485,0.16658490626590367,-0.3226290237579268,1.4120090661963378,-0.1405035458796441,0.021508028166040652,0.003713048814622351,0.025184233528962794,0.004780732959739933,0.004024567146729731,0.009208422437056472,48311.4082975,0.0,-0.2681021590463607,0.0,0.0,0.1591983302723696,0.06358614201657226,0.68873,0.34808460561767296,0.0,0.002404838079083982
2026-02-15T10:00:00Z,70459.65,70624.12,70396.06,70426.49,0.17701,12468.6380416,31.0,0.05546,3909.5055455,5.040000000008149,7.156910288008689e-05,-0.22964,-0.5647116685110045,0.13980885478692168,-0.3352708575710684,0.48562495341994727,-0.7331404016486198,0.021213355950591813,0.0037370261007277383,0.025312749721125356,0.004662276945392528,0.004073403394723509,0.003238270145225151,12468.6380416,0.0,-0.37336873622959155,0.0,0.0,0.19063207761290046,-0.39242082855062693,0.17701,0.5877400684030297,0.0,0.0013480722949559265
2026-02-15T11:00:00Z,70417.19,70521.43,70223.82,70521.43,1.93375,136135.756415,37.0,0.02673,1882.6033914,94.93999999998778,0.0013480722949559265,1.7567400000000002,9.924524038189933,-0.33978709760164144,-1.0014912256817303,0.7230797887848341,1.0,0.021229292746397548,0.003604625239630345,0.025076996576486106,0.004603370374236062,0.004003010904159377,0.004220135638202261,136135.756415,0.0,-0.9723542340012928,0.0,0.0,1.35033117758958,0.9579103490389531,1.93375,-0.6497429521857613,0.0,-0.003389466152345477
2026-02-15T12:00:00Z,70486.79,70520.39,70266.24,70282.4,0.1889,13297.5812258,21.0,0.15716,11064.9467205,-239.02999999999884,-0.003389466152345477,-1.74485,-0.9023141564318035,-0.356268039628676,-1.0000899844220767,0.6249692617911684,-0.8728310053119078,0.01807301808706725,0.0035883228152902603,0.025117729310019,0.004574523583129177,0.003999757963638713,0.003616125801053951,13297.5812258,0.0,0.6639491794600316,0.0,0.0,1.3575826978051435,-0.39967234876619034,0.1889,0.06862089317339083,0.0,-0.013497120189407297
2026-02-15T15:00:00Z,69040.94,69172.03,68893.92,69132.19,0.14162,9781.0511251,66.0,0.10242,7075.4833899,154.86999999999534,0.002245230751209082,-1.02823,-0.8789417446681198,-0.5543565813959946,-1.2555924465695665,0.5705795862540675,0.7134946603861515,0.018912621967071587,0.0049888075220554775,0.025057199646907825,0.004988447276192981,0.0048268559022259456,0.0040228727022824035,9781.0511251,0.0,0.4464058748764299,0.0,0.0,0.8177937244751442,-0.4690579255828702,0.14162,-0.3853870770558676,0.0,-0.00034860750107879035
2026-02-15T16:00:00Z,69186.98,69247.06,68951.39,69108.09,0.47114,32533.1118667,64.0,0.31235,21577.7271892,-24.10000000000582,-0.00034860750107879035,0.32952000000000004,2.3267900014122302,-0.47142154387592117,-1.1247203717983785,0.5928993252253448,0.059965502079959,0.018903657045895386,0.00478611220284682,0.02459896600724974,0.004919976307549093,0.004687724670797142,0.0042783703036793274,32533.1118667,0.0,0.3259328437407141,0.0,0.0,0.2518284975211199,-0.2172294280617503,0.47114,-0.32678323806945553,0.0,-0.0010350452457881243
2026-02-15T17:00:00Z,69090.55,69090.55,68800.0,69036.56,0.38209,26351.8788521,68.0,0.29912,20629.956144,-71.52999999999884,-0.0010350452457881243,-0.08905000000000002,-0.18900963620155375,-0.025770284344870317,-0.2831724368217911,0.5805987497460618,0.6283600068835146,0.01892960928096393,0.004600012467695594,0.021828054533037253,0.004855138084319811,0.004564088929801807,0.004208639596179226,26351.8788521,0.0,0.5657044151901385,0.0,0.0,0.04049990291262226,-0.25772933097437256,0.38209,-0.8141800034417322,0.0,-0.005834155120127749
2026-02-15T19:00:00Z,68589.87,68781.39,68415.16,68418.27,0.30367,20824.1005533,78.0,0.243,16666.0101706,-215.51999999998952,-0.0031401442350770248,-1.99999,-0.868179332019482,-0.021007831048840655,-0.127313768368207,0.74858706057498,-0.9830161373999514,0.020036585147071528,0.004606635423245447,0.021853158581902628,0.004845794703081604,0.0045616092331356725,0.005352810002357497,20824.1005533,0.0,0.6004215101919848,0.0,0.0,3.6341828202806385,-0.5296372990083101,0.30367,0.51445812740629,0.0,-0.0015165539847764586
2026-02-15T20:00:00Z,68404.36,68522.43,68074.56,68314.51,0.60844,41569.4235763,110.0,0.33524,22895.8310642,-103.76000000000931,-0.0015165539847764586,0.30477,1.0036223532123687,0.05972042122062809,0.15997607577664497,1.0503271499261198,0.07151628820863011,0.020050908791810047,0.00443933294928383,0.0217757258932873,0.0047855510629511025,0.004454505848836273,0.006556001060389592,41569.4235763,0.0,0.10196568272960356,0.0,0.0,0.5237177388926562,-0.005919560115653966,0.60844,-0.27213253845983415,0.0,0.0022532548356126725
2026-02-16T00:00:00Z,68973.45,68973.45,68351.99,68817.98,0.75256,51600.1485569,76.0,0.50005,34244.1207109,-153.08000000000175,-0.002219481620262198,0.55277,2.76675509284749,0.1997206133132218,1.0165872358310986,1.4740861974904458,0.4996620860554076,0.021018917573677392,0.004205107415558666,0.021129086037988375,0.004674089016897997,0.0043124268805955265,0.00903048883445855,51600.1485569,0.0,0.3289305836079515,0.0,0.0,0.977201766989118,0.316345561059095,0.75256,-0.7498310430277038,0.0,0.00047749149277565017
2026-02-16T01:00:00Z,68779.35,69031.57,68739.02,68850.84,0.23615,16278.9692537,90.0,0.20574,14185.4963869,32.86000000000058,0.00047749149277565017,-0.51641,-0.6862044222387584,0.2021919979878742,0.9434892704923145,0.7147394395446106,-0.23554947872169513,0.02099552866565806,0.004035656731037301,0.020938863804763473,0.0046102929161424356,0.004212922679772502,0.004249040389340245,16278.9692537,0.0,0.7424518314630532,0.0,0.0,0.9746818946457692,-0.6583363335866741,0.23615,0.4799179627414368,0.0,-0.003677660287078388
2026-02-16T07:00:00Z,68390.07,68501.12,68239.91,68418.87,0.01336,914.3624267,20.0,0.01052,720.1523512,33.5399999999936,0.0004904560671126212,-0.000789999999999999,-0.05583038869257939,0.6145691854109399,0.6040453113005179,0.6253331630942915,0.3702385054170777,0.0231956510984564,0.004406248176091226,0.02140418201868995,0.0046564534173904795,0.004450596896182839,0.003817806403408765,914.3624267,0.0,0.5748502994011976,0.0,0.0,0.07046846183551625,-0.8377370495492346,0.01336,-0.25998238964819725,0.0,0.0023984611262946043
2026-02-16T10:00:00Z,68783.64,69049.59,68777.73,69036.36,0.00968,667.0706483,22.0,0.00514,354.6893433,242.89999999999418,0.0035308588926912243,-0.005130000000000001,-0.3463875759621877,0.5797309933107992,0.43056407110881006,0.7941189357610692,0.9026704921650617,0.022373594188108217,0.004146304227366634,0.021065630460715752,0.004548420746783301,0.004292558197556985,0.003937924884799844,667.0706483,0.0,0.06198347107438015,0.0,0.0,0.00913086761340054,-0.7689164633128706,0.00968,0.026925623482647015,0.0,-0.002920055460629678
2026-02-16T11:00:00Z,68963.72,68973.14,68708.64,68834.77,0.07471,5140.6319837,30.0,0.06406,4407.5166595,-201.5899999999965,-0.002920055460629678,0.06503,6.7179752066115705,0.5638158305741293,0.3083865594410444,0.831931055089883,-0.04627599243852812,0.022523644332831036,0.004062096353373131,0.021125595760880373,0.004511720960750888,0.004243940945942435,0.0038425348119852797,5140.6319837,0.0,0.7148976040690672,0.0,0.0,0.15619210193096555,-0.612724361381905,0.07471,-0.4412476370510639,0.0,3.544720204629037e-05
2026-02-16T13:00:00Z,68848.57,69829.19,68817.67,69724.19,0.3939,27379.7993761,119.0,0.19913,13839.8809,886.9799999999959,0.012885182301839215,0.20043999999999998,1.0360798097797992,0.1940215579508847,0.2320453983227915,2.3143909637957063,0.7923916482126062,0.021795412676270713,0.005203778518247502,0.02232313755402658,0.004873022203351425,0.00496836739948456,0.014507447128464369,27379.7993761,0.0,0.011068799187611148,0.0,0.0,0.4346402611660908,0.06275555502366921,0.3939,0.07325608984497683,0.0,-0.02110515733492213
2026-02-16T19:00:00Z,67931.0,68234.43,67904.88,67974.46,0.28488,19396.9197087,55.0,0.22746,15485.2493852,-5.639999999999418,-8.296545606722994e-05,-0.27779999999999994,-0.49370867988910205,0.26123808469133103,1.2553664936215547,0.4209717287028374,-0.5777272037626812,0.03200681018143788,0.007155021358491646,0.024982544020151758,0.005939907313322752,0.006129150387349029,0.004848144435424545,19396.9197087,0.0,0.5968828980623418,0.0,0.0,1.260076508498244,0.10269705977026813,0.28488,0.7096040054619922,0.0,-0.001050982972134018
2026-02-16T20:00:00Z,67938.0,68100.0,67852.95,67903.02,0.16461,11198.8779971,49.0,0.15369,10456.8056481,-71.44000000000233,-0.001050982972134018,-0.12027000000000002,-0.42217775905644483,0.33714614196703946,1.4523502745404209,0.4756632908467869,-0.5946569520340084,0.031988094603705,0.006869297079450415,0.024946672314005512,0.005860558760195286,0.005904669540625175,0.0036382770604312283,11198.8779971,0.0,0.8673227628941133,0.0,0.0,0.48318867768336493,-0.38049161791309677,0.16461,0.4530661809349998,0.0,0.00949957748565522
2026-02-17T12:00:00Z,67859.96,67916.43,67722.59,67846.69,0.0594,4030.1952998,26.0,0.05482,3719.510863,10.139999999999418,0.00014947694126532518,-0.05594,-0.48500086700190737,0.3887158373737124,-1.0542863340421575,0.6675659076689863,0.28043747420561344,0.03235606710160837,0.004597539415307142,0.02496222031774967,0.00521566752778701,0.004367192241610207,0.0028570295765349275,4030.1952998,0.0,0.8457912457912458,0.0,0.0,0.28255188141432463,-1.048421455775563,0.0594,-0.34889599669841326,0.0,0.0027741957640086135
2026-02-17T13:00:00Z,67856.19,68305.7,67856.19,68034.91,0.16914,11525.3718428,51.0,0.10977,7476.6056796,188.22000000000116,0.0027741957640086135,0.10974,1.8474747474747475,0.2947515057155752,-1.0542905101831328,1.3454220750067318,-0.20482302952105194,0.029844201202246012,0.004478880265432838,0.024040210079360212,0.005164122891298169,0.004306840436957887,0.006607049233988768,11525.3718428,0.0,0.29797800638524297,0.0,0.0,0.7030503276365905,-0.34537112813897236,0.16914,0.6024115147605098,0.0,0.001292424727246555
2026-02-17T14:00:00Z,67938.95,68334.7,67799.56,68122.84,0.13989,9533.3966236,45.0,0.08731,5946.7009814,87.92999999999302,0.001292424727246555,-0.029250000000000026,-0.17293366442000724,0.2511819913908702,-1.0427883829865603,1.451843947258958,0.20820719811635052,0.020912451640943883,0.004311495725452333,0.023990937394786367,0.005097375288353896,0.00421632510192786,0.0078555151253236,9533.3966236,0.0,0.24826649510329554,0.0,0.0,0.11482985795403494,-0.4602009860930073,0.13989,0.13542250626004643,0.0,-0.017641366684066573
2026-02-17T16:00:00Z,66898.03,67395.19,66600.0,67306.19,0.73866,49504.7343749,139.0,0.47329,31710.338069,385.13000000000466,0.005754989535431854,-0.16496,-0.18255461366503623,0.25426965499400334,0.5309121743955546,1.1959003203344831,0.7761541266867045,0.02523754890590151,0.006456354148873722,0.026094316129302,0.005824329516719135,0.005674692326940106,0.011814515128549133,49504.7343749,0.0,0.28148268486177674,0.0,0.0,0.9059792180666482,2.242734162687344,0.73866,-0.26286799381279724,0.0,0.0028643725042227786
2026-02-17T18:00:00Z,67716.49,67716.49,66904.75,67130.84,0.60484,40622.5841576,117.0,0.44776,30075.3099009,-368.1399999999994,-0.005454008342052008,0.08791000000000004,0.1700617104830442,0.2809103570359382,1.6682932430304112,0.970311547457304,-0.4429497129622728,0.025570533574647183,0.006186812150797674,0.026331515110520252,0.005755599518805443,0.00546327229841235,0.012091908875265157,40622.5841576,0.0,0.4805899080748626,0.0,0.0,0.3663117614828566,1.511491036719507,0.60484,-0.2785251435188546,0.0,0.014310263360327369
2026-02-18T02:00:00Z,67348.09,67359.36,66859.12,67144.89,0.74778,50163.273433,160.0,0.57363,38470.7082589,-168.68000000000757,-0.002505884029030181,0.29117,0.6376776680317995,0.3631925306471541,1.565258919264761,1.5238366012408364,0.14253158483931055,0.026900159514036865,0.005558748410237445,0.027701830060104227,0.005656175738833942,0.004968906099621687,0.007450157413319245,50163.273433,0.0,0.5342212950332985,0.0,0.0,0.9045142435409445,1.2955440188677296,0.74778,-0.5487366064289084,0.0,0.002935443039671526
2026-02-18T10:00:00Z,68093.01,68257.39,68027.83,68172.91,0.0713,4860.6488606,20.0,0.0563,3837.738761,101.32000000000698,0.0014884329865074708,-0.11779,-0.6229308794753821,0.20333701879585947,-0.955462410912245,0.648850322927111,0.2639832723471268,0.026867492362624618,0.004452478440950965,0.027461097924277665,0.005227989963924159,0.004311942857927969,0.003367319951576039,4860.6488606,0.0,0.5792426367461431,0.0,0.0,0.4346255901814925,-1.2250553235917676,0.0713,0.08407388046699384,0.0,-0.005462873742664076
2026-02-18T11:00:00Z,68109.74,68180.78,67767.07,67800.49,0.17191,11671.44305,34.0,0.11164,7580.3407558,-372.41999999999825,-0.005462873742664076,0.10061,1.4110799438990185,0.5173634591670322,-0.4842117358111248,1.140278103165503,-0.8384375528752077,0.027135201035735832,0.004543032709949903,0.027631670742154057,0.005234994328755049,0.004385647958138865,0.006101873305045315,11671.44305,0.0,0.29881914955499966,0.0,0.0,0.34998180326417905,-0.8750735203275886,0.17191,0.09093326243019527,0.0,-0.004139498106872086
2026-02-18T16:00:00Z,67236.32,68302.16,67236.32,67684.62,0.7504,50742.5217798,113.0,0.61008,41244.5870147,448.7299999999959,0.006673965347971045,-0.09344000000000008,-0.11073189230185831,-0.022806887476136455,-1.394343980755277,1.7451949448336173,-0.15878555880809533,0.02128109834152652,0.0043691608813561334,0.02669754607750023,0.00508461359751015,0.0043363394560916695,0.015747152011786378,50742.5217798,0.0,0.6260127931769722,0.0,0.0,0.2517152520743916,0.6703411367047074,0.7504,0.5793927794040477,0.0,-0.008045845570234467
2026-02-18T17:00:00Z,67661.73,67690.09,67004.54,67140.04,0.92676,62276.5022996,114.0,0.45276,30423.6762385,-544.5800000000017,-0.008045845570234467,0.17636000000000007,0.23502132196162062,-0.033730420875985094,-1.4054045921001324,1.0449899776688731,-0.6046969586463653,0.02258238937670889,0.004773178160470424,0.027095293716289368,0.0051896956428557775,0.004602876662613526,0.010210747565834084,62276.5022996,0.0,-0.022918554965686948,0.0,0.0,0.39802826422012183,1.0683694009248292,0.92676,-0.15628327620158844,0.0,0.0005226389498727002
2026-02-18T18:00:00Z,67136.4,67494.49,67073.28,67175.13,2.91048,195589.6450269,126.0,1.55688,104634.9023778,35.09000000001106,0.0005226389498727002,1.9837200000000001,2.140489447106047,-0.016552532317720647,-1.2142288706944717,0.7114032371569368,-0.5163932480235655,0.021916387944722036,0.004580656292925674,0.026885565027836972,0.005118840861685669,0.004481236063090568,0.006270326533048858,195589.6450269,0.0,0.06984414941865255,0.0,0.0,2.6757449791905845,3.7441143801154135,2.91048,0.6083426319413151,0.0,-0.010653347451653583
2026-02-18T23:00:00Z,66313.05,66456.78,66234.56,66433.03,0.79403,52701.1305649,45.0,0.41513,27554.9991945,79.86000000000058,0.001203559679213484,-2.2493299999999996,-0.7390942905210031,-0.3031102341364921,-2.361324134946192,0.42452821177377226,0.7862478624786259,0.01979516933352991,0.004667759109303663,0.027357357851407197,0.005114952875494473,0.004531577060474577,0.00334502279965254,52701.1305649,0.0,0.04562799894210544,0.0,0.0,0.8090604184680872,-0.31254394348801184,0.79403,-0.24633246332465553,0.0,0.00018906257926221137
2026-02-19T00:00:00Z,66456.22,66506.5,66287.27,66445.59,1.36634,90771.4513535,59.0,0.36461,24215.0749943,12.559999999997672,0.00018906257926221137,0.5723100000000001,0.720766217901087,-0.3469939160590551,-2.2086437031315382,0.44760151494011946,0.44432787483454,0.019794475837404166,0.004477476535555943,0.027327481707337384,0.005044495471493051,0.00441400707799852,0.0032993912763811103,90771.4513535,0.0,-0.46629682216724977,0.0,0.0,0.1885787791395806,-0.12396516434843126,1.36634,-0.49281576426581947,0.0,0.00010384436348620518
2026-02-19T01:00:00Z,66461.31,66579.5,66359.33,66452.49,0.43518,28928.1482005,74.0,0.25338,16843.5959623,6.900000000008731,0.00010384436348620518,-0.9311600000000001,-0.6814994803635992,-0.39787348293416547,-1.4484151555082339,0.6124651697583047,-0.1537448335377485,0.01960432341710586,0.004294745049348884,0.027326157569994798,0.004974942581013885,0.004305305071973944,0.0033131941331317792,28928.1482005,0.0,0.16448366193299319,0.0,0.0,0.3345746304321623,-0.45853979478059353,0.43518,0.11368487986555405,0.0,0.006556864912059757
2026-02-19T09:00:00Z,67170.07,67170.07,66859.49,66976.7,0.51406,34439.3883783,25.0,0.16862,11304.3847714,-209.61000000000058,-0.0031198320014895753,-0.060920000000000085,-0.10595151135691694,-0.03556209808630949,0.5553590191033221,1.0951468635033466,-0.24521862322108012,0.0199762506174867,0.003806097027081432,0.026901174182418303,0.0046887438315164265,0.004068841478663079,0.00463713500366548,34439.3883783,0.0,-0.3439676302377154,0.0,0.0,0.028390052794814546,-0.47304945689647004,0.51406,-0.3773906883894365,0.0,-0.0019845707537098356
2026-02-19T11:00:00Z,66826.48,66958.17,66750.22,66830.2,0.46139,30845.2913439,65.0,0.15171,10143.1968808,-13.580000000001746,-0.00020316026412636745,0.004090000000000038,0.008943800568554705,-0.17093336930132152,0.47687425895746105,0.7067800354607814,-0.23077662899745352,0.019256667536427487,0.003543306580007495,0.02679572338132254,0.004571923909983082,0.0039356805559328,0.003111617203000995,30845.2913439,0.0,-0.3423784650729318,0.0,0.0,0.004167825819918813,-0.5055262725829142,0.46139,0.24866554460210208,0.0,-0.00488087720820829
2026-02-19T14:00:00Z,66531.16,66564.65,65798.78,65933.17,4.45554,294677.9216491,129.0,2.21564,146224.6355908,-561.6100000000006,-0.008445926131344428,3.80237,5.821409433991151,-0.08620363542663205,0.46728961326538004,1.88647998456404,-0.6490527112956501,0.020863977201644686,0.004141755601612864,0.02331668556255606,0.004671514457428765,0.004309219712248209,0.011615852840080272,294677.9216491,0.0,-0.005444906790198259,0.0,0.0,1.3238507442088292,0.9010710979426607,4.45554,-0.13174559651116946,0.0,0.0062963755572498226
2026-02-19T16:00:00Z,66431.84,66710.77,65970.99,66424.5,5.38556,357036.3294166,131.0,2.38481,158191.4298192,76.19000000000233,0.001148333695311976,1.0887599999999997,0.2533885682368273,0.0074867339123307845,0.6403334756509457,1.2781823679322764,0.22606720917028164,0.02077913274265701,0.004186190842610069,0.022521037416428028,0.004661491903926452,0.00433357572180138,0.011137155718146148,357036.3294166,0.0,-0.11436879358878188,0.0,0.0,0.2991998398455067,1.082632690555977,5.38556,-0.2359890778339337,0.0,-0.0006170915851833048
2026-02-19T17:00:00Z,66296.7,66505.52,65903.02,66383.51,0.43552,28852.0892489,58.0,0.18107,11987.1154017,-40.99000000000524,-0.0006170915851833048,-4.9500399999999996,-0.9191319008608204,0.012791977528469592,0.6564325455181282,0.9347848572610716,0.594987551867189,0.019154452251938167,0.004019047305129737,0.022389826216560067,0.004598327651620275,0.00423331342334692,0.009076049157388636,28852.0892489,0.0,-0.16848824393828066,0.0,0.0,1.7331926216542972,-0.65055993109832,0.43552,-0.45090456431532566,0.0,-0.000907002356458575
2026-02-19T18:00:00Z,66344.06,67044.11,66191.2,66323.3,0.89464,59554.9798218,93.0,0.4843,32226.529411,-60.20999999999185,-0.000907002356458575,0.45912,1.054188096987509,0.03610456522238071,0.7419470408156631,1.1932121031241862,-0.6902369534886323,0.019168814056561897,0.0038634691593330116,0.022372778699204687,0.004537385978333358,0.0041436720778143185,0.01285988483685226,59554.9798218,0.0,0.08267012429580617,0.0,0.0,0.19210222352617218,-0.4584577075721478,0.89464,0.6658967534675344,0.0,0.009824450834020615
2026-02-20T03:00:00Z,67278.37,67352.57,67212.2,67299.38,0.32927,22159.1692699,65.0,0.16013,10774.8930287,4.669999999998254,6.939624228996522e-05,0.00817000000000001,0.025443786982248584,0.3979401189412434,1.7059054101508235,0.5223004985985072,0.24214575764043805,0.017551647316112758,0.003529705346961013,0.021896140348708654,0.004328620831396242,0.003962879215902555,0.0020857547276068498,36249.316102,0.0012593855132630929,0.07151494065123729,0.3333333333333333,0.0,0.08781924587780493,-0.4290006715521543,0.5386500000000001,0.12926709809375989,0.3333333333333333,0.0007619683866328941
2026-02-20T04:00:00Z,67350.07,67498.34,67154.5,67350.66,0.6192,41728.5807834,48.0,0.37338,25164.9285469,51.279999999998836,0.0007619683866328941,0.28992999999999997,0.880523582470313,0.35817316183829917,1.5037875699614704,1.1682125505385021,0.1409958120056159,0.01742374037405831,0.003392421929578389,0.021633525936265906,0.0042707741220464395,0.003893966897473188,0.003521420577021788,68500.4787833,0.0018882527413405599,0.32727823864622074,0.6666666666666666,0.0,0.3157841537651676,-0.11321651778698671,1.01632,0.5247597827001906,0.3333333333333333,-0.0011817256133792586
2026-02-20T05:00:00Z,67272.23,67272.23,67248.28,67271.07,0.24434,1437.5156776,25.0,0.03702,1437.5156776,-79.58999999999651,-0.0011817256133792586,-0.37485999999999997,-0.6053940568475452,-0.03306814178737446,-0.696191676380428,0.09339780836874415,0.9031315240086549,0.01723284618409271,0.0032710387679869613,0.021644228711526638,0.004216408876875744,0.003836220373236892,0.003697131619877703,31447.2331432,0.0013890126189463829,2.6258522478356587,0.3333333333333333,0.0,0.5241909723010343,-0.637407490088021,0.24434,-0.14359899261483433,0.6666666666666666,0.006727408973872473
2026-02-20T09:00:00Z,67874.28,67954.07,67791.48,67912.44,0.1495,10153.1986712,18.0,0.09217,6259.3764683,113.83999999999651,0.001679090718687437,0.14922,532.9285714285714,0.2160807435474831,0.00803631737150483,0.5869286629645796,0.4879143858786574,0.01777047621102031,0.0033156182380532865,0.021878384098288205,0.004151319157974161,0.0038801400534590825,0.0023941121832761576,18858.0583491,0.0015315983272311,0.3325184349437885,0.6666666666666666,1.092179398061488,0.2501133498036527,-0.652635521552938,0.27766,0.07489951460570166,0.0,0.0036411591160618872
2026-02-20T10:00:00Z,67922.55,68220.4,67922.55,68159.72,0.54152,36898.1613956,73.0,0.00073,26893.968413,247.27999999999884,0.0036411591160618872,0.39202000000000004,2.6222073578595317,-0.06981954279488986,-0.7739657767350485,1.0989220466969225,0.5925465838509177,0.018029237333942447,0.003342252595221113,0.02196740270872566,0.004138020926427989,0.0039000556963499204,0.004369882974871247,73796.3227912,0.001886756261377581,0.3769248761546367,0.3333333333333333,1.0968005757349097,0.5482750738303318,-0.1043604477226062,1.08304,0.029901118596979553,0.3333333333333333,-0.0029275355004393377
2026-02-20T11:00:00Z,68238.34,68300.0,67859.55,67960.18,0.9554,65025.7312121,57.0,0.35069,23897.4102007,-199.54000000000815,-0.0029275355004393377,0.41388,0.7642931009011671,-0.08122510460251017,-0.8964274297859208,1.3453647609835455,-0.5430582358951161,0.01826493192759311,0.0033112912849671138,0.02191457747845719,0.004109693959588517,0.003888337959714213,0.006481001080338474,89381.1053132,0.0024264541770092165,-0.1364456255613021,0.6666666666666666,1.1573276476048078,0.13751075810283236,0.033150310380226145,1.3123,-0.07672703039851533,0.0,-0.009722899497911719
2026-02-20T13:00:00Z,67352.84,67581.59,67304.03,67520.81,1.20215,81160.6897933,53.0,0.9155,61822.0656601,221.39999999999418,0.0032897762402372965,-0.07599999999999985,-0.05946093963932231,-0.007729585655439582,-0.6840497556512,0.8521080638559102,0.5620406398616562,0.020393578258186343,0.004143605618428972,0.022651697766895573,0.004337751806108446,0.004356797512465624,0.004110732676340785,111782.2069505,0.002666081050131142,0.33228279233451086,0.3333333333333333,1.0042651797506839,0.24129583448351788,0.23452002794371693,1.6563,-0.10835857222687417,0.0,-0.011433364025105641
2026-02-20T15:00:00Z,66822.86,67325.11,66661.49,67069.39,2.12735,142423.4692859,116.0,1.58534,106131.5818161,320.56999999999243,0.0048026317169351795,-3.2167700000000004,-0.6019269776876268,-0.11742042102633571,-1.645812665488628,1.1566630451833324,0.22931798318313806,0.021441740582685876,0.005108906751976465,0.02141665151163404,0.004685258295735883,0.004936938734907608,0.009894528636685012,261245.558477,0.0017174037471993752,0.49367426813197285,1.0,1.1523283153967252,3.5533571916265414,0.33061448845970287,2.12735,-0.016315681076342622,0.0,0.0075819982856562
2026-02-20T16:00:00Z,67246.77,68055.2,66552.75,67577.91,4.06003,274028.9037207,201.0,2.98324,201480.9005002,508.5200000000041,0.0075819982856562,1.9326800000000004,0.9084917855547985,0.07364102838206213,0.6472325756175568,1.944117957864188,0.3646510699191297,0.022704293077938777,0.005345761063518153,0.021603567825150414,0.004786789041938693,0.00507825952393387,0.022232856861065946,478031.76113600004,0.00538255356671699,0.4771277266587477,1.0,1.2921438917552417,2.2118794893995526,2.5424939778592557,7.08268,-0.09173016937197727,0.6666666666666666,0.0047747851331891855
2026-02-21T12:00:00Z,68230.88,68275.54,68124.61,68124.61,0.41995,28627.431458,26.0,0.13298,9067.2166352,-76.49000000000524,-0.0011215361629065557,0.24517999999999998,1.402872346512559,-0.23307495443079893,-0.6576393916659108,0.9732605377984717,-1.0,0.017703946193854125,0.0028713953859614686,0.019114673584977124,0.0038611262846107285,0.003657788154886791,0.0022154989217551928,28627.431458,0.0011368647646603756,45.34162925482004,0.3333333333333333,0.4533609732910747,0.10571489522990918,-0.7321519488841418,0.41995000000000005,0.1326911673592862,0.0,0.0008308304443871428
2026-02-21T13:00:00Z,68181.21,68181.21,68181.21,68181.21,0.00021,14.3180541,1.0,0.0,0.0,56.60000000000582,0.0008308304443871428,-0.41974,-0.9994999404691035,-0.23427274024354655,-0.6335342036679443,0.0,0.0,0.017416437243534186,0.0027641445400378014,0.019118836172909832,0.003810347198617841,0.003616069423471517,0.004272912138738977,25493.1145638,0.0020388002160735266,-0.49319403390150296,0.6666666666666666,0.5113134788627471,0.011481452262652958,-0.7206704966214889,0.37499,-0.2601650928078692,0.3333333333333333,0.0011777438388083095
2026-02-21T20:00:00Z,68580.0,68580.0,68345.67,68345.67,0.46433,31781.7505252,13.0,0.00077,52.7888866,-214.36000000000058,-0.003126603065955469,-0.01933999999999997,-0.03998594082742357,-0.5684713795088039,-1.1928049124245765,0.8839417067987915,-0.9999999999999379,0.00965225767033934,0.002663840902395473,0.017187672748572573,0.0036176296436179053,0.003625272264759711,0.0015307621197126228,26191.0409337,0.0008343367010827617,0.1988066482086847,0.3333333333333333,1.0676283508408115,0.3052601251349911,-0.46074617522140104,0.7361599999999999,0.44142895982380537,1.0,-0.0006682208251085342
2026-02-21T21:00:00Z,68352.38,68352.38,68300.0,68300.0,0.0054,368.8419996,2.0,0.0,0.0,-45.669999999998254,-0.0006682208251085342,-0.45893,-0.9883703400598712,-0.005667213235965362,0.4820993398619465,0.2326690159614063,-1.0,0.009612402688996054,0.002562051891589869,0.01717599940332281,0.003569444099652752,0.0035847845089543,0.005742866207784686,111157.695378,0.0017237837343717331,-0.6574370708261135,0.3333333333333333,1.050337915161862,0.27159746606220997,-0.18914870915919108,0.94965,0.03375665402099311,0.0,0.0012531478770130278
2026-02-21T22:00:00Z,68245.86,68386.0,68168.2,68385.59,0.39829,27210.8699437,45.0,0.32411,22148.9775265,85.58999999999651,0.0012531478770130278,0.39288999999999996,72.7574074074074,0.12465227774845972,0.6150654505276579,0.9635391705069254,0.996235078053161,0.009558555010678583,0.0024828318950199215,0.017176869068541337,0.0035263061151636845,0.0035558448609529394,0.003184881493308794,45629.5065742,0.0012314682669143874,0.2378024647801417,0.3333333333333333,1.0752314118184094,0.2714459648991778,-0.4605946740583689,0.6679999999999999,-0.15325332191114716,0.3333333333333333,-0.00579493428366995
